Format,Compression,Write Time (s),Read Time (s),File Size (MB)
csv,None,11.739464044570923,2.2620067596435547,288.005407333374
parquet,None,1.7680089473724365,0.5579996109008789,118.02840900421143
parquet,snappy,1.9250051975250244,0.5529978275299072,95.35444831848145
parquet,gzip,6.767018795013428,0.5555388927459717,75.97696208953857
parquet,brotli,6.093878746032715,0.5284109115600586,73.18047523498535
