Format,Compression,Write Time (s),Read Time (s),File Size (MB)
csv,None,116.04136180877686,32.76463437080383,2880.053747177124
parquet,None,18.509040594100952,5.311417102813721,1178.4369792938232
parquet,snappy,18.148115396499634,5.338258743286133,951.7091426849365
parquet,gzip,65.74755263328552,5.02503514289856,758.1295776367188
parquet,brotli,58.08390188217163,5.438074111938477,730.5116271972656
