Format,Compression,Write Time (s),Read Time (s),File Size (MB)
csv,None,1.201491117477417,0.242997407913208,28.800573348999023
parquet,None,0.21344804763793945,0.07173037528991699,12.730873107910156
parquet,snappy,0.23270559310913086,0.06699967384338379,10.151073455810547
parquet,gzip,0.7920594215393066,0.06894469261169434,8.05829906463623
parquet,brotli,0.7090041637420654,0.0700528621673584,7.755613327026367
